1,Girdlestone Walk,Tenant
2,Girdlestone Walk,Tenant
3,Girdlestone Walk,Leaseholder
4,Girdlestone Walk,Leaseholder
5,Girdlestone Walk,Leaseholder
6,Girdlestone Walk,Leaseholder
7,Girdlestone Walk,Tenant
8,Girdlestone Walk,Tenant
9,Girdlestone Walk,Tenant
10,Girdlestone Walk,Tenant
11,Girdlestone Walk,Tenant
12,Girdlestone Walk,Tenant
13,Girdlestone Walk,Tenant
14,Girdlestone Walk,Tenant
15,Girdlestone Walk,Leaseholder
16,Girdlestone Walk,Leaseholder
17,Girdlestone Walk,Tenant
18,Girdlestone Walk,Leaseholder
19,Girdlestone Walk,Tenant
20,Girdlestone Walk,Tenant
21,Girdlestone Walk,Tenant
22,Girdlestone Walk,Leaseholder
23,Girdlestone Walk,Leaseholder
24,Girdlestone Walk,Tenant
25,Girdlestone Walk,Leaseholder
26,Girdlestone Walk,Tenant
27,Girdlestone Walk,Tenant
28,Girdlestone Walk,Tenant
29,Girdlestone Walk,Tenant
30,Girdlestone Walk,Leaseholder
31,Girdlestone Walk,Tenant
32,Girdlestone Walk,Tenant
33,Girdlestone Walk,Tenant
34,Girdlestone Walk,Tenant
35,Girdlestone Walk,Tenant
36,Girdlestone Walk,Tenant
37,Girdlestone Walk,Tenant
38,Girdlestone Walk,Tenant
39,Girdlestone Walk,Leaseholder
40,Girdlestone Walk,Leaseholder
41,Girdlestone Walk,Tenant
42,Girdlestone Walk,Tenant
43,Girdlestone Walk,Leaseholder
44,Girdlestone Walk,Leaseholder
45,Girdlestone Walk,Leaseholder
46,Girdlestone Walk,Tenant
47,Girdlestone Walk,Tenant
48,Girdlestone Walk,Leaseholder
49,Girdlestone Walk,Tenant
50,Girdlestone Walk,Tenant
51,Girdlestone Walk,Tenant
52,Girdlestone Walk,Tenant
53,Girdlestone Walk,Leaseholder
54,Girdlestone Walk,Tenant
55,Girdlestone Walk,Leaseholder
56,Girdlestone Walk,Tenant
57,Girdlestone Walk,Leaseholder
58,Girdlestone Walk,Tenant
59,Girdlestone Walk,Tenant
60,Girdlestone Walk,Tenant
61,Girdlestone Walk,Tenant
62,Girdlestone Walk,Tenant
63,Girdlestone Walk,Tenant
64,Girdlestone Walk,Tenant
65,Girdlestone Walk,Tenant
66,Girdlestone Walk,Tenant
67,Girdlestone Walk,Leaseholder
68,Girdlestone Walk,Tenant
69,Girdlestone Walk,Tenant
70,Girdlestone Walk,Tenant
71,Girdlestone Walk,Leaseholder
72,Girdlestone Walk,Tenant
73,Girdlestone Walk,Tenant
74,Girdlestone Walk,Tenant
75,Girdlestone Walk,Leaseholder
76,Girdlestone Walk,Leaseholder
77,Girdlestone Walk,Tenant
78,Girdlestone Walk,Tenant
79,Girdlestone Walk,Tenant
80,Girdlestone Walk,Tenant
81,Girdlestone Walk,Tenant
82,Girdlestone Walk,Tenant
83,Girdlestone Walk,Leaseholder
84,Girdlestone Walk,Tenant
85,Girdlestone Walk,Tenant
86,Girdlestone Walk,Tenant
87,Girdlestone Walk,Tenant
88,Girdlestone Walk,Leaseholder
89,Girdlestone Walk,Tenant
90,Girdlestone Walk,Tenant
91,Girdlestone Walk,Tenant
92,Girdlestone Walk,Leaseholder
93,Girdlestone Walk,Leaseholder
94,Girdlestone Walk,Tenant
95,Girdlestone Walk,Tenant
96,Girdlestone Walk,Tenant
97,Girdlestone Walk,Leaseholder
98,Girdlestone Walk,Leaseholder
99,Girdlestone Walk,Tenant
100,Girdlestone Walk,Tenant
101,Girdlestone Walk,Leaseholder
102,Girdlestone Walk,Tenant
103,Girdlestone Walk,Leaseholder
104,Girdlestone Walk,Tenant
105,Girdlestone Walk,Tenant
106,Girdlestone Walk,Tenant
107,Girdlestone Walk,Tenant
108,Girdlestone Walk,Tenant
109,Girdlestone Walk,Tenant
110,Girdlestone Walk,Leaseholder
111,Girdlestone Walk,Tenant
112,Girdlestone Walk,Tenant
113,Girdlestone Walk,Tenant
114,Girdlestone Walk,Tenant
115,Girdlestone Walk,Tenant
116,Girdlestone Walk,Tenant
117,Girdlestone Walk,Leaseholder
118,Girdlestone Walk,Tenant
119,Girdlestone Walk,Tenant
120,Girdlestone Walk,Leaseholder
121,Girdlestone Walk,Tenant
122,Girdlestone Walk,Leaseholder
123,Girdlestone Walk,Leaseholder
124,Girdlestone Walk,Tenant
125,Girdlestone Walk,Leaseholder
126,Girdlestone Walk,Tenant
127,Girdlestone Walk,Tenant
128,Girdlestone Walk,Tenant
129,Girdlestone Walk,Leaseholder
130,Girdlestone Walk,Tenant
131,Girdlestone Walk,Leaseholder
132,Girdlestone Walk,Tenant
133,Girdlestone Walk,Tenant
134,Girdlestone Walk,Leaseholder
135,Girdlestone Walk,Tenant
136,Girdlestone Walk,Tenant
137,Girdlestone Walk,Tenant
138,Girdlestone Walk,Tenant
139,Girdlestone Walk,Tenant
140,Girdlestone Walk,Tenant
141,Girdlestone Walk,Tenant
142,Girdlestone Walk,Tenant
143,Girdlestone Walk,Tenant
144,Girdlestone Walk,Tenant
145,Girdlestone Walk,Tenant
146,Girdlestone Walk,Leaseholder
147,Girdlestone Walk,Leaseholder
148,Girdlestone Walk,Tenant
149,Girdlestone Walk,Tenant
150,Girdlestone Walk,Leaseholder
151,Girdlestone Walk,Tenant
152,Girdlestone Walk,Tenant
153,Girdlestone Walk,Tenant
154,Girdlestone Walk,Leaseholder
155,Girdlestone Walk,Tenant
156,Girdlestone Walk,Tenant
157,Girdlestone Walk,Tenant
158,Girdlestone Walk,Tenant
159,Girdlestone Walk,Leaseholder
160,Girdlestone Walk,Tenant
161,Girdlestone Walk,Leaseholder
162,Girdlestone Walk,Tenant
163,Girdlestone Walk,Tenant
164,Girdlestone Walk,Tenant
165,Girdlestone Walk,Tenant
166,Girdlestone Walk,Tenant
167,Girdlestone Walk,Leaseholder
168,Girdlestone Walk,Tenant
169,Girdlestone Walk,Tenant
170,Girdlestone Walk,Tenant
171,Girdlestone Walk,Tenant
172,Girdlestone Walk,Tenant
173,Girdlestone Walk,Tenant
174,Girdlestone Walk,Leaseholder
175,Girdlestone Walk,Tenant
176,Girdlestone Walk,Leaseholder
177,Girdlestone Walk,Tenant
178,Girdlestone Walk,Tenant
179,Girdlestone Walk,Tenant
180,Girdlestone Walk,Leaseholder
181,Girdlestone Walk,Tenant
182,Girdlestone Walk,Leaseholder
183,Girdlestone Walk,Tenant
184,Girdlestone Walk,Tenant
185,Girdlestone Walk,Leaseholder
186,Girdlestone Walk,Leaseholder
187,Girdlestone Walk,Tenant
188,Girdlestone Walk,Tenant
189,Girdlestone Walk,Tenant
190,Girdlestone Walk,Tenant
191,Girdlestone Walk,Leaseholder
192,Girdlestone Walk,Tenant
193,Girdlestone Walk,Tenant
194,Girdlestone Walk,Tenant
195,Girdlestone Walk,Tenant
196,Girdlestone Walk,Tenant
197,Girdlestone Walk,Tenant
198,Girdlestone Walk,Tenant
199,Girdlestone Walk,Tenant
200,Girdlestone Walk,Tenant
201,Girdlestone Walk,Tenant
202,Girdlestone Walk,Tenant
203,Girdlestone Walk,Tenant
204,Girdlestone Walk,Leaseholder
205,Girdlestone Walk,Leaseholder
206,Girdlestone Walk,Tenant
207,Girdlestone Walk,Leaseholder
208,Girdlestone Walk,Tenant
209,Girdlestone Walk,Tenant
210,Girdlestone Walk,Leaseholder
211,Girdlestone Walk,Tenant
212,Girdlestone Walk,Tenant
213,Girdlestone Walk,Tenant
214,Girdlestone Walk,Tenant
215,Girdlestone Walk,Tenant
216,Girdlestone Walk,Tenant
217,Girdlestone Walk,Tenant
218,Girdlestone Walk,Tenant
219,Girdlestone Walk,Leaseholder
220,Girdlestone Walk,Tenant
221,Girdlestone Walk,Tenant
222,Girdlestone Walk,Leaseholder
223,Girdlestone Walk,Leaseholder
224,Girdlestone Walk,Tenant
225,Girdlestone Walk,Tenant
226,Girdlestone Walk,Leaseholder
227,Girdlestone Walk,Tenant
228,Girdlestone Walk,Tenant
229,Girdlestone Walk,Tenant
230,Girdlestone Walk,Leaseholder
231,Girdlestone Walk,Tenant
232,Girdlestone Walk,Tenant
233,Girdlestone Walk,Tenant
234,Girdlestone Walk,Tenant
235,Girdlestone Walk,Tenant
236,Girdlestone Walk,Tenant
237,Girdlestone Walk,Leaseholder
238,Girdlestone Walk,Tenant
239,Girdlestone Walk,Tenant
240,Girdlestone Walk,Tenant
241,Girdlestone Walk,Tenant
242,Girdlestone Walk,Leaseholder
243,Girdlestone Walk,Tenant
244,Girdlestone Walk,Tenant
245,Girdlestone Walk,Tenant